completed,avg_total_wait_s,throughput_veh_per_min,controller
387,19.281112407696654,32.29485396383867,fixed
406,19.752784760893036,33.88038942976356,actuated
359,19.235099258157927,29.958275382475662,dt
